coef,value
is_house,-9035939.460222604
is_new:house_m2,81807.09128596263
date:house_m2,33068.11956955499
"C(building_type, contr.treatment('NA'))[NA]:house_m2",0.0
"C(building_type, contr.treatment('NA'))[ブロック造]:house_m2",382928.91569129383
"C(building_type, contr.treatment('NA'))[木造]:house_m2",438200.2536526186
"C(building_type, contr.treatment('NA'))[木造、ブロック造]:house_m2",412928.699406228
"C(building_type, contr.treatment('NA'))[木造、軽量鉄骨造]:house_m2",494715.45536136604
"C(building_type, contr.treatment('NA'))[軽量鉄骨造]:house_m2",294895.2302463989
"C(building_type, contr.treatment('NA'))[鉄骨造]:house_m2",533627.0418371523
"C(building_type, contr.treatment('NA'))[鉄骨造、ブロック造]:house_m2",713609.9533025268
"C(building_type, contr.treatment('NA'))[鉄骨造、木造]:house_m2",318564.47772031516
"C(building_type, contr.treatment('NA'))[鉄骨造、軽量鉄骨造]:house_m2",348938.17883696104
"C(building_type, contr.treatment('NA'))[ＲＣ]:house_m2",606267.123263959
"C(building_type, contr.treatment('NA'))[ＲＣ、ブロック造]:house_m2",1236749.9338296135
"C(building_type, contr.treatment('NA'))[ＲＣ、木造]:house_m2",476389.7748691375
"C(building_type, contr.treatment('NA'))[ＲＣ、木造、ブロック造]:house_m2",211465.3812229412
"C(building_type, contr.treatment('NA'))[ＲＣ、軽量鉄骨造]:house_m2",293473.5468356887
"C(building_type, contr.treatment('NA'))[ＲＣ、鉄骨造]:house_m2",777990.8880679065
"C(building_type, contr.treatment('NA'))[ＲＣ、鉄骨造、木造]:house_m2",488359.6784929429
"C(building_type, contr.treatment('NA'))[ＳＲＣ]:house_m2",596053.2124903663
"C(building_type, contr.treatment('NA'))[ＳＲＣ、木造]:house_m2",1316737.0517633292
"C(building_type, contr.treatment('NA'))[ＳＲＣ、鉄骨造]:house_m2",467820.4381233248
"C(building_type, contr.treatment('NA'))[ＳＲＣ、ＲＣ]:house_m2",547635.556104164
date:land_m2,33218.50425944239
area_name[お花茶屋]:land_m2,400975.16868468054
area_name[一ツ家]:land_m2,293911.88894442195
area_name[一之江]:land_m2,476065.23125777405
area_name[一之江町]:land_m2,594161.7671372804
area_name[一番町]:land_m2,2316499.9826731593
area_name[三ノ輪]:land_m2,184323.09052248753
area_name[三原台]:land_m2,452199.3339256738
area_name[三園]:land_m2,401029.4182480967
area_name[三好]:land_m2,813906.549607486
area_name[三宿]:land_m2,1680627.8998441885
area_name[三田]:land_m2,2512409.6720370846
area_name[三番町]:land_m2,1918625.7555402035
area_name[三筋]:land_m2,475981.12996642716
area_name[三軒茶屋]:land_m2,1179351.4815496844
area_name[上一色]:land_m2,466555.9706780117
area_name[上中里]:land_m2,548066.3468189534
area_name[上井草]:land_m2,548137.4319354581
area_name[上北沢]:land_m2,689693.4407041505
area_name[上十条]:land_m2,752560.4763335166
area_name[上原]:land_m2,1589029.5881286184
area_name[上大崎]:land_m2,1795718.3756105728
area_name[上板橋]:land_m2,594247.9392796208
area_name[上池台]:land_m2,746758.8773578359
area_name[上池袋]:land_m2,641151.5567582719
area_name[上用賀]:land_m2,795617.11576902
area_name[上目黒]:land_m2,1558795.366293718
area_name[上石神井]:land_m2,532683.7140340137
area_name[上石神井南町]:land_m2,562997.6980207913
area_name[上祖師谷]:land_m2,652914.42482098
area_name[上篠崎]:land_m2,345926.1662232564
area_name[上荻]:land_m2,767867.6160333108
area_name[上落合]:land_m2,657200.3159142691
area_name[上連雀]:land_m2,737605.3606543727
area_name[上野]:land_m2,1681947.0758690282
area_name[上野公園]:land_m2,1902849.4405660774
area_name[上野桜木]:land_m2,908945.9907012285
area_name[上野毛]:land_m2,610720.8614196134
area_name[上馬]:land_m2,1060319.2750307624
area_name[上高井戸]:land_m2,641036.9654737369
area_name[上高田]:land_m2,650957.2194362385
area_name[上鷺宮]:land_m2,640840.8643962382
area_name[下丸子]:land_m2,800063.450554706
area_name[下井草]:land_m2,588383.6920431845
area_name[下宮比町]:land_m2,3644885.0518764867
area_name[下目黒]:land_m2,1072358.3780100206
area_name[下石神井]:land_m2,471674.7578411872
area_name[下篠崎町]:land_m2,234641.8891576748
area_name[下落合]:land_m2,856560.0737039371
area_name[下谷]:land_m2,242275.00971601135
area_name[下連雀]:land_m2,816954.4274420749
area_name[下馬]:land_m2,980033.6763145641
area_name[下高井戸]:land_m2,697208.4916584459
area_name[世田谷]:land_m2,828470.4963262022
area_name[両国]:land_m2,982315.1855922021
area_name[中丸町]:land_m2,755684.7502677387
area_name[中井]:land_m2,647836.378057698
area_name[中十条]:land_m2,366815.2740211736
area_name[中原]:land_m2,507949.188147697
area_name[中台]:land_m2,549264.5035434972
area_name[中央]:land_m2,712620.2355045521
area_name[中央本町]:land_m2,373825.40347191534
area_name[中央町]:land_m2,907269.5155930682
area_name[中川]:land_m2,413108.01576443587
area_name[中延]:land_m2,834483.4335334873
area_name[中村]:land_m2,675928.7481444791
area_name[中村北]:land_m2,739029.8119098974
area_name[中村南]:land_m2,567682.1138798813
area_name[中板橋]:land_m2,660394.2295209784
area_name[中根]:land_m2,1051257.5616653888
area_name[中町]:land_m2,821643.2825505293
area_name[中目黒]:land_m2,1727311.9164447286
area_name[中落合]:land_m2,739651.4137765893
area_name[中葛西]:land_m2,487313.8334205721
area_name[中里]:land_m2,676307.4362495648
area_name[中里町]:land_m2,545246.1262819928
area_name[中野]:land_m2,1048849.5593659235
area_name[中馬込]:land_m2,716758.1259393371
area_name[丸山]:land_m2,706975.7685018523
area_name[久が原]:land_m2,567794.335298296
area_name[久我山]:land_m2,714579.4176924244
area_name[九段北]:land_m2,2499497.7322559506
area_name[九段南]:land_m2,2391379.7243365436
area_name[亀戸]:land_m2,443359.3400367563
area_name[亀有]:land_m2,373286.19179409265
area_name[亀沢]:land_m2,1007566.1215426899
area_name[二之江町]:land_m2,614366.2237084443
area_name[二十騎町]:land_m2,2678625.0058523994
area_name[二番町]:land_m2,1442708.1310233865
area_name[二葉]:land_m2,572870.0160299457
area_name[五本木]:land_m2,1023909.1754023944
area_name[五番町]:land_m2,1127256.3773493662
area_name[井の頭]:land_m2,656620.969994592
area_name[井口]:land_m2,538177.8769553846
area_name[井草]:land_m2,450323.5513488112
area_name[京島]:land_m2,501080.2443018271
area_name[京橋]:land_m2,5690456.276274755
area_name[京浜島]:land_m2,673564.143717181
area_name[今川]:land_m2,667606.0793933525
area_name[今戸]:land_m2,779971.1737357891
area_name[代々木]:land_m2,1208022.728549558
area_name[代官山町]:land_m2,1822535.3446860102
area_name[代沢]:land_m2,948690.8104728567
area_name[代田]:land_m2,907838.5993682671
area_name[仲六郷]:land_m2,645529.8242119427
area_name[仲宿]:land_m2,460949.058627959
area_name[仲池上]:land_m2,811816.0915215395
area_name[仲町]:land_m2,387768.2046996011
area_name[伊興]:land_m2,406491.99290739046
area_name[伊興本町]:land_m2,490359.17423248256
area_name[佃]:land_m2,1676888.021009128
area_name[住吉]:land_m2,525944.8902344411
area_name[住吉町]:land_m2,1406809.1661785732
area_name[佐賀]:land_m2,988728.9381236583
area_name[佐野]:land_m2,401444.94438931457
area_name[余丁町]:land_m2,696051.9709587565
area_name[保塚町]:land_m2,505216.63473870204
area_name[保木間]:land_m2,370759.00837143516
area_name[信濃町]:land_m2,1275167.3848014025
area_name[元代々木町]:land_m2,1400325.1797395789
area_name[元浅草]:land_m2,1201981.7159285245
area_name[元赤坂]:land_m2,354524.2196134787
area_name[元麻布]:land_m2,2990680.708820892
area_name[入船]:land_m2,1041627.6059222356
area_name[入谷]:land_m2,467744.94709282095
area_name[八丁堀]:land_m2,3545258.6591543416
area_name[八幡山]:land_m2,535605.2525534718
area_name[八広]:land_m2,413031.5227525719
area_name[八重洲]:land_m2,2143862.581013354
area_name[八雲]:land_m2,1090677.0979737528
area_name[六月]:land_m2,355471.8739796169
area_name[六木]:land_m2,409131.6555624038
area_name[六本木]:land_m2,2064140.522651148
area_name[六町]:land_m2,421757.2019011472
area_name[六番町]:land_m2,2752191.8715355797
area_name[内神田]:land_m2,1816400.6396537377
area_name[内藤町]:land_m2,1272743.0090548175
area_name[円山町]:land_m2,1502199.6100612797
area_name[冬木]:land_m2,1042602.3978297072
area_name[初台]:land_m2,1137073.4940577345
area_name[前野町]:land_m2,604187.2758627512
area_name[加平]:land_m2,415330.7845831719
area_name[加賀]:land_m2,540619.0145343107
area_name[勝どき]:land_m2,999870.7666023748
area_name[勝島]:land_m2,461485.1240818131
area_name[北上野]:land_m2,611620.9021648498
area_name[北加平町]:land_m2,468000.47469204734
area_name[北千束]:land_m2,935681.3514392345
area_name[北品川]:land_m2,771004.4346319386
area_name[北大塚]:land_m2,820088.5502701985
area_name[北小岩]:land_m2,363905.47425738693
area_name[北山伏町]:land_m2,2198401.2902774774
area_name[北嶺町]:land_m2,626409.0193138918
area_name[北新宿]:land_m2,1127230.8881693578
area_name[北沢]:land_m2,1049671.7732527065
area_name[北烏山]:land_m2,551992.5563120919
area_name[北町]:land_m2,509433.7509985802
area_name[北砂]:land_m2,529756.5357182722
area_name[北篠崎]:land_m2,528818.7032082074
area_name[北糀谷]:land_m2,702259.3488726054
area_name[北葛西]:land_m2,508966.54972345254
area_name[北野]:land_m2,639144.1095888831
area_name[北青山]:land_m2,6043298.650562381
area_name[北馬込]:land_m2,763638.6336841547
area_name[十条仲原]:land_m2,577822.4260779357
area_name[十条台]:land_m2,763942.354330594
area_name[千住]:land_m2,405158.3990131619
area_name[千住中居町]:land_m2,183918.9673085271
area_name[千住仲町]:land_m2,462160.3869698193
area_name[千住元町]:land_m2,348292.87161786674
area_name[千住大川町]:land_m2,359868.3940325478
area_name[千住宮元町]:land_m2,556635.2536550513
area_name[千住寿町]:land_m2,357365.493863959
area_name[千住旭町]:land_m2,535659.2416449785
area_name[千住曙町]:land_m2,128043.77080029067
area_name[千住東]:land_m2,228414.62062602252
area_name[千住柳町]:land_m2,558810.8750391861
area_name[千住桜木]:land_m2,440427.3654547157
area_name[千住橋戸町]:land_m2,419117.93070933915
area_name[千住河原町]:land_m2,199983.10211729407
area_name[千住緑町]:land_m2,473062.9071366271
area_name[千住関屋町]:land_m2,768342.3440975106
area_name[千住龍田町]:land_m2,456769.3147572656
area_name[千川]:land_m2,775019.8565990371
area_name[千早]:land_m2,708020.5036808404
area_name[千束]:land_m2,417797.8201228596
area_name[千歳]:land_m2,901590.4568254957
area_name[千歳台]:land_m2,683501.841744688
area_name[千田]:land_m2,460698.5981944336
area_name[千石]:land_m2,968138.8789920881
area_name[千駄ケ谷]:land_m2,2125118.0666562417
area_name[千駄木]:land_m2,793923.0081578068
area_name[千鳥]:land_m2,561843.471687026
area_name[南]:land_m2,870883.9122685398
area_name[南久が原]:land_m2,719241.359344957
area_name[南元町]:land_m2,1297514.8650613255
area_name[南六郷]:land_m2,813998.6176407721
area_name[南千住]:land_m2,446010.1665238288
area_name[南千束]:land_m2,780054.993808994
area_name[南台]:land_m2,720639.8204108117
area_name[南品川]:land_m2,825039.1770705098
area_name[南大井]:land_m2,1118964.9914826711
area_name[南大塚]:land_m2,963054.3330797604
area_name[南大泉]:land_m2,495352.38335404464
area_name[南小岩]:land_m2,515596.2212307762
area_name[南山伏町]:land_m2,724213.5138767001
area_name[南常盤台]:land_m2,586919.9943900086
area_name[南平台町]:land_m2,1725770.827688112
area_name[南榎町]:land_m2,924730.5868976659
area_name[南水元]:land_m2,525150.035859779
area_name[南池袋]:land_m2,945189.8924193927
area_name[南烏山]:land_m2,601698.6953899787
area_name[南田中]:land_m2,517083.9793231179
area_name[南町]:land_m2,783967.9426699786
area_name[南砂]:land_m2,750267.3546220278
area_name[南篠崎町]:land_m2,392456.5777033062
area_name[南花畑]:land_m2,429956.7661338556
area_name[南荻窪]:land_m2,836032.3387502729
area_name[南葛西]:land_m2,379905.1025688692
area_name[南蒲田]:land_m2,605538.9950437844
area_name[南長崎]:land_m2,645429.6587064285
area_name[南雪谷]:land_m2,834387.1598846634
area_name[南青山]:land_m2,3341380.423612281
area_name[南馬込]:land_m2,636713.6695482492
area_name[南麻布]:land_m2,2483876.969947453
area_name[原町]:land_m2,628602.7064594096
area_name[双葉町]:land_m2,368143.77889141976
area_name[古千谷本町]:land_m2,340408.58592257556
area_name[古石場]:land_m2,1089109.8610635716
area_name[台東]:land_m2,1704173.9671153778
area_name[向丘]:land_m2,585602.3110953176
area_name[向原]:land_m2,476924.7316098663
area_name[向山]:land_m2,741339.5060337181
area_name[向島]:land_m2,621454.6416116761
area_name[吾妻橋]:land_m2,357763.89553578896
area_name[和泉]:land_m2,683751.3933062714
area_name[和田]:land_m2,684776.8712961581
area_name[善福寺]:land_m2,743916.3997976851
area_name[喜久井町]:land_m2,736090.6200772976
area_name[喜多見]:land_m2,538935.6198867653
area_name[四つ木]:land_m2,393757.5495344984
area_name[四番町]:land_m2,2496687.7252290524
area_name[四葉]:land_m2,473207.57128355495
area_name[四谷]:land_m2,812457.3150177242
area_name[四谷三栄町]:land_m2,581688.7106992838
area_name[四谷坂町]:land_m2,997306.249100878
area_name[四谷本塩町]:land_m2,1120022.5657826494
area_name[土支田]:land_m2,568595.9020736526
area_name[坂下]:land_m2,450849.04736585345
area_name[堀ノ内]:land_m2,682219.2791241867
area_name[堀之内]:land_m2,713590.3147609668
area_name[堀切]:land_m2,437968.3429268341
area_name[堀船]:land_m2,528954.883165192
area_name[堤通]:land_m2,202958.69498100714
area_name[塩浜]:land_m2,717912.5615821128
area_name[墨田]:land_m2,445102.96453953465
area_name[外神田]:land_m2,3756911.143464431
area_name[多摩川]:land_m2,765780.1799346107
area_name[大久保]:land_m2,890589.8625244895
area_name[大井]:land_m2,831215.0980745819
area_name[大京町]:land_m2,1286549.0610968207
area_name[大原]:land_m2,858642.507525048
area_name[大原町]:land_m2,605253.6803746294
area_name[大和町]:land_m2,531986.7908308487
area_name[大塚]:land_m2,856331.8243800192
area_name[大宮]:land_m2,485415.3089352639
area_name[大山東町]:land_m2,766527.957680258
area_name[大山町]:land_m2,1442711.1168185878
area_name[大山西町]:land_m2,622049.764118051
area_name[大山金井町]:land_m2,617241.729573632
area_name[大岡山]:land_m2,877760.3642720788
area_name[大島]:land_m2,549204.69239018
area_name[大崎]:land_m2,861195.1012965064
area_name[大杉]:land_m2,604501.9896112366
area_name[大森中]:land_m2,811402.4586563022
area_name[大森北]:land_m2,752881.8032947289
area_name[大森南]:land_m2,581184.72813406
area_name[大森本町]:land_m2,308215.00712352915
area_name[大森東]:land_m2,703073.8350104217
area_name[大森西]:land_m2,605456.61619714
area_name[大橋]:land_m2,756538.8718365387
area_name[大沢]:land_m2,492784.2461299151
area_name[大泉学園町]:land_m2,480598.7711607292
area_name[大泉町]:land_m2,559750.8653942146
area_name[大蔵]:land_m2,498660.4174887947
area_name[大谷口]:land_m2,690851.5654428164
area_name[大谷口上町]:land_m2,583715.4469766598
area_name[大谷口北町]:land_m2,481538.85156864615
area_name[大谷田]:land_m2,476969.6881426864
area_name[大門]:land_m2,289954.3950965816
area_name[天沼]:land_m2,799095.9872380402
area_name[天神町]:land_m2,891897.9993296296
area_name[太子堂]:land_m2,1220724.966430949
area_name[太平]:land_m2,863086.1634101011
area_name[奥戸]:land_m2,456891.50699353695
area_name[奥沢]:land_m2,1054358.828041782
area_name[宇喜田町]:land_m2,470442.04133236705
area_name[宇奈根]:land_m2,696412.482242751
area_name[宇田川町]:land_m2,6578578.6954024
area_name[宝町]:land_m2,331080.2794743344
area_name[宮前]:land_m2,742686.9895867913
area_name[宮坂]:land_m2,712730.8489992422
area_name[宮城]:land_m2,423968.4497219787
area_name[宮本町]:land_m2,519684.4938461338
area_name[富ケ谷]:land_m2,1267752.787807407
area_name[富久町]:land_m2,929700.7451572244
area_name[富士見]:land_m2,1577659.6137268334
area_name[富士見台]:land_m2,482041.4597361907
area_name[富士見町]:land_m2,604609.5213269317
area_name[富岡]:land_m2,500037.784741202
area_name[寿]:land_m2,488442.00408953824
area_name[小台]:land_m2,355909.28102667874
area_name[小山]:land_m2,863179.8327808783
area_name[小山台]:land_m2,976552.957876849
area_name[小島]:land_m2,609778.6753223693
area_name[小日向]:land_m2,1072675.9568802286
area_name[小松川]:land_m2,580960.443799498
area_name[小石川]:land_m2,1012836.2054110672
area_name[小竹町]:land_m2,610054.3589077964
area_name[小茂根]:land_m2,560717.8522080914
area_name[小菅]:land_m2,562648.3962020798
area_name[小豆沢]:land_m2,699986.7494019164
area_name[尾山台]:land_m2,630870.4214031041
area_name[山吹町]:land_m2,1148217.3329435852
area_name[山王]:land_m2,771634.1051822536
area_name[岡本]:land_m2,702866.492708312
area_name[岩戸町]:land_m2,909840.8195338043
area_name[岩本町]:land_m2,1704704.655839248
area_name[岩淵町]:land_m2,694403.2059687083
area_name[岸町]:land_m2,666363.9249427514
area_name[島根]:land_m2,403209.9922783721
area_name[巣鴨]:land_m2,778115.9152349328
area_name[左門町]:land_m2,1906169.9452141938
area_name[市谷仲之町]:land_m2,754029.784042416
area_name[市谷八幡町]:land_m2,1166342.6719023169
area_name[市谷加賀町]:land_m2,814593.552915117
area_name[市谷台町]:land_m2,1130538.4424928625
area_name[市谷山伏町]:land_m2,845530.3327902886
area_name[市谷左内町]:land_m2,1187381.7416213457
area_name[市谷本村町]:land_m2,972290.8429123209
area_name[市谷柳町]:land_m2,1964069.3472287557
area_name[市谷田町]:land_m2,3256222.2049021325
area_name[市谷甲良町]:land_m2,-112967.63018491252
area_name[市谷砂土原町]:land_m2,1289269.3877185904
area_name[市谷船河原町]:land_m2,0.0
area_name[市谷薬王寺町]:land_m2,975759.9329020716
area_name[市谷長延寺町]:land_m2,1339986.324608889
area_name[常盤]:land_m2,797829.436780755
area_name[常盤台]:land_m2,548045.2008601552
area_name[幡ケ谷]:land_m2,889796.7771275461
area_name[平井]:land_m2,475625.6997022939
area_name[平和台]:land_m2,439062.8850808307
area_name[平和島]:land_m2,351343.9569512318
area_name[平塚]:land_m2,2152404.420546385
area_name[平河町]:land_m2,3193934.4063647497
area_name[平町]:land_m2,990950.3508355318
area_name[平野]:land_m2,490650.515513894
area_name[幸町]:land_m2,531250.1358167633
area_name[広尾]:land_m2,2427625.3489163094
area_name[広町]:land_m2,784989.3094308182
area_name[弁天町]:land_m2,547918.7995643051
area_name[弘道]:land_m2,640630.6896496146
area_name[弥生]:land_m2,865410.7264179178
area_name[弥生町]:land_m2,983025.4071729482
area_name[弦巻]:land_m2,830106.8483618674
area_name[後楽]:land_m2,1031902.7059555266
area_name[徳丸]:land_m2,353604.48204626143
area_name[志村]:land_m2,461525.9545400628
area_name[志茂]:land_m2,247095.85520202806
area_name[恵比寿]:land_m2,2206570.0957577224
area_name[恵比寿南]:land_m2,2638467.719600803
area_name[恵比寿西]:land_m2,2363870.9936220753
area_name[愛住町]:land_m2,1090878.3993783386
area_name[成城]:land_m2,798183.8602813901
area_name[成増]:land_m2,408357.52939601446
area_name[成田東]:land_m2,491974.7025501775
area_name[成田西]:land_m2,740084.3456908577
area_name[戸塚町]:land_m2,565296.5524305768
area_name[戸山]:land_m2,875305.5734570434
area_name[戸越]:land_m2,967256.4870413248
area_name[扇]:land_m2,308691.79991067556
area_name[扇橋]:land_m2,753658.2632912776
area_name[払方町]:land_m2,1316184.3702492549
area_name[押上]:land_m2,754920.3348852408
area_name[揚場町]:land_m2,1577099.0569513924
area_name[改代町]:land_m2,1433442.9495617931
area_name[文花]:land_m2,579355.8117381142
area_name[新井]:land_m2,1053695.4823657777
area_name[新堀]:land_m2,506586.08494587545
area_name[新大橋]:land_m2,826774.6397303705
area_name[新宿]:land_m2,547473.4932640935
area_name[新富]:land_m2,1794746.3757187827
area_name[新小岩]:land_m2,466377.2900677089
area_name[新小川町]:land_m2,1194430.0844995235
area_name[新川]:land_m2,773599.3214315736
area_name[新木場]:land_m2,721637.8882991056
area_name[新橋]:land_m2,11204841.930769514
area_name[新河岸]:land_m2,513109.04445855645
area_name[新田]:land_m2,466871.2380160089
area_name[新町]:land_m2,645627.8702052947
area_name[新砂]:land_m2,705829.7925423774
area_name[新蒲田]:land_m2,612032.3802170593
area_name[方南]:land_m2,714738.8238371677
area_name[旗の台]:land_m2,881848.5609188222
area_name[日ノ出町]:land_m2,619051.0093633932
area_name[日本堤]:land_m2,484212.95799789345
area_name[日本橋]:land_m2,9677987.367135242
area_name[日本橋中洲]:land_m2,-188383.7791514948
area_name[日本橋久松町]:land_m2,-185821.66361861266
area_name[日本橋人形町]:land_m2,737117.8944072071
area_name[日本橋兜町]:land_m2,5251889.910053765
area_name[日本橋堀留町]:land_m2,938517.8616644194
area_name[日本橋大伝馬町]:land_m2,1580201.7768598967
area_name[日本橋室町]:land_m2,3516753.9545933013
area_name[日本橋富沢町]:land_m2,1886045.013757479
area_name[日本橋小伝馬町]:land_m2,1983736.8400600145
area_name[日本橋小網町]:land_m2,1583263.2180019564
area_name[日本橋小舟町]:land_m2,1132857.959263004
area_name[日本橋本町]:land_m2,2022136.9682196316
area_name[日本橋本石町]:land_m2,-1255612.8340544072
area_name[日本橋横山町]:land_m2,974746.6951916092
area_name[日本橋浜町]:land_m2,1175951.3650463738
area_name[日本橋箱崎町]:land_m2,1254604.5404957137
area_name[日本橋茅場町]:land_m2,1503328.6421411
area_name[日本橋蛎殻町]:land_m2,1001981.981692766
area_name[日本橋馬喰町]:land_m2,383900.2269918584
area_name[早宮]:land_m2,391460.38304932474
area_name[早稲田南町]:land_m2,959592.1410068625
area_name[早稲田町]:land_m2,1342252.930571378
area_name[早稲田鶴巻町]:land_m2,829152.1636440865
area_name[旭丘]:land_m2,596659.4909837429
area_name[旭町]:land_m2,632250.2098923313
area_name[明石町]:land_m2,1509699.6315254841
area_name[春日]:land_m2,1252344.6546717784
area_name[春日町]:land_m2,478663.403505156
area_name[春江町]:land_m2,408258.29729768686
area_name[昭和島]:land_m2,265376.7672757947
area_name[昭和町]:land_m2,618952.8912109344
area_name[月島]:land_m2,1349516.3307079424
area_name[有明]:land_m2,753598.334576012
area_name[木場]:land_m2,743405.9140375487
area_name[本一色]:land_m2,398026.6341655056
area_name[本天沼]:land_m2,654828.5002685492
area_name[本所]:land_m2,672819.6776993182
area_name[本木]:land_m2,335436.39185502817
area_name[本木北町]:land_m2,254938.71438902683
area_name[本木南町]:land_m2,107312.67201915063
area_name[本木東町]:land_m2,377763.41865410446
area_name[本木西町]:land_m2,213745.95056936386
area_name[本町]:land_m2,651011.496216027
area_name[本羽田]:land_m2,656673.4083148146
area_name[本郷]:land_m2,1254622.2203661234
area_name[本駒込]:land_m2,1047405.6577421532
area_name[東]:land_m2,2139094.9738075864
area_name[東が丘]:land_m2,946185.5076721637
area_name[東上野]:land_m2,529744.7127132975
area_name[東中延]:land_m2,726936.8038661263
area_name[東中野]:land_m2,872535.8705514708
area_name[東五反田]:land_m2,1609170.589071631
area_name[東五軒町]:land_m2,1921574.4735537637
area_name[東伊興]:land_m2,469948.1285377257
area_name[東保木間]:land_m2,337092.6323377748
area_name[東六月町]:land_m2,461940.19799727417
area_name[東六郷]:land_m2,468407.9375865806
area_name[東十条]:land_m2,503785.4602540646
area_name[東向島]:land_m2,417093.25648272573
area_name[東和]:land_m2,297047.0871516587
area_name[東品川]:land_m2,895252.8276348286
area_name[東四つ木]:land_m2,270023.3671317706
area_name[東坂下]:land_m2,605121.7354968917
area_name[東堀切]:land_m2,460076.14251596294
area_name[東墨田]:land_m2,528550.2810656468
area_name[東大井]:land_m2,873104.3284067105
area_name[東大泉]:land_m2,545465.2549052346
area_name[東小岩]:land_m2,503725.4264746853
area_name[東小松川]:land_m2,345681.1057835172
area_name[東尾久]:land_m2,378649.598632287
area_name[東山]:land_m2,1191357.5396057433
area_name[東山町]:land_m2,514801.7813706605
area_name[東嶺町]:land_m2,801979.4331498434
area_name[東新小岩]:land_m2,556833.3250462543
area_name[東新橋]:land_m2,3481747.1740901424
area_name[東新町]:land_m2,414960.65725784836
area_name[東日暮里]:land_m2,570892.5189946169
area_name[東日本橋]:land_m2,1425417.8113016596
area_name[東松本]:land_m2,516954.1431192348
area_name[東榎町]:land_m2,1295386.6403850701
area_name[東水元]:land_m2,323009.05181171594
area_name[東池袋]:land_m2,729011.9708491032
area_name[東浅草]:land_m2,551982.4309022651
area_name[東海]:land_m2,119060.58830021425
area_name[東玉川]:land_m2,749883.3020470646
area_name[東瑞江]:land_m2,406702.64854727435
area_name[東田端]:land_m2,626946.3436602505
area_name[東矢口]:land_m2,815449.2778757368
area_name[東砂]:land_m2,570614.9732710035
area_name[東神田]:land_m2,1651291.7817304458
area_name[東立石]:land_m2,383805.1098982854
area_name[東篠崎]:land_m2,477647.3749730925
area_name[東糀谷]:land_m2,733863.0640479658
area_name[東綾瀬]:land_m2,458501.01289857936
area_name[東葛西]:land_m2,499016.3902164895
area_name[東蒲田]:land_m2,732707.4477558511
area_name[東金町]:land_m2,436514.51672530436
area_name[東陽]:land_m2,1115970.833071454
area_name[東雪谷]:land_m2,670660.2774421303
area_name[東雲]:land_m2,623548.4466011765
area_name[東馬込]:land_m2,706358.0287201019
area_name[東駒形]:land_m2,896508.1644825827
area_name[東麻布]:land_m2,2785751.739254064
area_name[松が丘]:land_m2,592205.837397529
area_name[松が谷]:land_m2,530251.7207512435
area_name[松ノ木]:land_m2,682494.0381108111
area_name[松原]:land_m2,771969.6233615965
area_name[松島]:land_m2,511658.72037176334
area_name[松庵]:land_m2,685107.5391293643
area_name[松本]:land_m2,587089.8817665161
area_name[松江]:land_m2,502684.53842801903
area_name[松濤]:land_m2,2153047.7711689933
area_name[板橋]:land_m2,599962.5390235217
area_name[枝川]:land_m2,788894.8779021433
area_name[柳原]:land_m2,442968.0583696638
area_name[柳橋]:land_m2,757009.9519492708
area_name[柴又]:land_m2,316482.34482449584
area_name[柿の木坂]:land_m2,923359.9984401416
area_name[栄町]:land_m2,397905.61416900286
area_name[栗原]:land_m2,491115.2135827537
area_name[根岸]:land_m2,1318426.3550336424
area_name[根津]:land_m2,870397.8304079534
area_name[桃井]:land_m2,858765.872479316
area_name[桜]:land_m2,789502.1157206879
area_name[桜上水]:land_m2,735748.4266225182
area_name[桜丘]:land_m2,579857.2176166071
area_name[桜丘町]:land_m2,1801834.7608517706
area_name[桜台]:land_m2,545795.8736883659
area_name[桜川]:land_m2,653724.5520724197
area_name[桜新町]:land_m2,677744.8805674142
area_name[梅丘]:land_m2,833835.2330845
area_name[梅島]:land_m2,417650.7197190402
area_name[梅田]:land_m2,357260.39997032256
area_name[梅里]:land_m2,921205.5759484373
area_name[森下]:land_m2,969297.4680573101
area_name[椿]:land_m2,437379.3856031432
area_name[業平]:land_m2,821085.4428669289
area_name[榎町]:land_m2,332892.4110699706
area_name[横寺町]:land_m2,1137126.1953329695
area_name[横川]:land_m2,747502.6232694619
area_name[横網]:land_m2,844097.4980884802
area_name[橋場]:land_m2,242141.15572614045
area_name[歌舞伎町]:land_m2,1700893.9522097101
area_name[毛利]:land_m2,1033161.0852812502
area_name[水元]:land_m2,610514.9512023464
area_name[水道]:land_m2,1256278.0284644375
area_name[水道町]:land_m2,1085220.005788625
area_name[氷川台]:land_m2,314021.685648888
area_name[氷川町]:land_m2,546434.083875979
area_name[永代]:land_m2,1430299.780583552
area_name[永田町]:land_m2,8764871.331679156
area_name[永福]:land_m2,826268.8853684098
area_name[江北]:land_m2,341148.42805310653
area_name[江原町]:land_m2,766674.4406553215
area_name[江古田]:land_m2,655439.1675580222
area_name[江戸川]:land_m2,392812.5076025317
area_name[江東橋]:land_m2,780466.9328783673
area_name[池上]:land_m2,789998.8200205179
area_name[池之端]:land_m2,1013057.4226978831
area_name[池尻]:land_m2,1225097.96401155
area_name[池袋]:land_m2,716439.0660256558
area_name[池袋本町]:land_m2,701180.7107239682
area_name[河田町]:land_m2,911738.6208232973
area_name[沼袋]:land_m2,468488.8968913504
area_name[泉町]:land_m2,489046.68104664574
area_name[洗足]:land_m2,1053095.7455938694
area_name[津久戸町]:land_m2,386600.1327112556
area_name[浅草]:land_m2,641774.9615476581
area_name[浅草橋]:land_m2,668350.6803990303
area_name[浜松町]:land_m2,2366071.874675356
area_name[浜田山]:land_m2,966676.842913126
area_name[浮間]:land_m2,259201.58431694575
area_name[海岸]:land_m2,2481208.1644603456
area_name[海辺]:land_m2,753738.0940466567
area_name[深大寺]:land_m2,625174.6255642454
area_name[深川]:land_m2,1285051.6293403702
area_name[深沢]:land_m2,828821.8696171927
area_name[清川]:land_m2,501349.4809141751
area_name[清新町]:land_m2,634535.3382095171
area_name[清水]:land_m2,782688.5692277112
area_name[清水町]:land_m2,717038.5086237637
area_name[清澄]:land_m2,1256600.2868124193
area_name[渋谷]:land_m2,3689204.9761233013
area_name[湊]:land_m2,931956.5276849827
area_name[湯島]:land_m2,1273331.0476771267
area_name[滝野川]:land_m2,498092.17188043066
area_name[潮見]:land_m2,727290.8074257865
area_name[瀬田]:land_m2,920005.8386135806
area_name[熊野町]:land_m2,650661.5297103522
area_name[片町]:land_m2,1321992.5179076344
area_name[牟礼]:land_m2,606045.2544505746
area_name[牡丹]:land_m2,1092526.8329786754
area_name[猿楽町]:land_m2,2421407.2695739926
area_name[猿江]:land_m2,821605.8063947299
area_name[玉堤]:land_m2,655795.3672553486
area_name[玉川]:land_m2,1103947.297689042
area_name[玉川台]:land_m2,713909.1673621084
area_name[玉川田園調布]:land_m2,954492.9809996781
area_name[王子]:land_m2,508750.19868278364
area_name[王子本町]:land_m2,687432.1674542363
area_name[瑞江]:land_m2,481719.598546005
area_name[用賀]:land_m2,950842.3664109549
area_name[田園調布]:land_m2,916577.547160697
area_name[田園調布南]:land_m2,588399.7279048878
area_name[田園調布本町]:land_m2,709385.259063277
area_name[田柄]:land_m2,516228.3575993804
area_name[田端]:land_m2,921790.2495886366
area_name[田端新町]:land_m2,356967.4511929771
area_name[町屋]:land_m2,394891.9786485008
area_name[白山]:land_m2,993987.1607063782
area_name[白河]:land_m2,942729.5654606157
area_name[白金]:land_m2,1444757.9807262933
area_name[白金台]:land_m2,1555556.899468149
area_name[白銀町]:land_m2,1108494.257861538
area_name[白鳥]:land_m2,400434.2797588374
area_name[白鷺]:land_m2,694077.2579092263
area_name[百人町]:land_m2,1138380.1955678943
area_name[皿沼]:land_m2,398907.8606841859
area_name[目白]:land_m2,885491.9696829582
area_name[目白台]:land_m2,1013624.4459018816
area_name[目黒]:land_m2,1263244.2169825525
area_name[目黒本町]:land_m2,1032609.9589896299
area_name[相生町]:land_m2,669144.5311368073
area_name[矢口]:land_m2,572369.5462267543
area_name[矢来町]:land_m2,1289614.4960427622
area_name[石原]:land_m2,887203.4737149301
area_name[石島]:land_m2,1290878.2865987418
area_name[石川町]:land_m2,447191.18195526005
area_name[石神井台]:land_m2,514299.3366832703
area_name[石神井町]:land_m2,596192.8567790978
area_name[砧]:land_m2,539888.0307628356
area_name[碑文谷]:land_m2,1132586.4893559772
area_name[祐天寺]:land_m2,1118633.8025885052
area_name[祖師谷]:land_m2,617366.3119303952
area_name[神南]:land_m2,4570028.32651912
area_name[神宮前]:land_m2,4641915.809974061
area_name[神山町]:land_m2,1968008.273244247
area_name[神明]:land_m2,440005.0374682502
area_name[神明南]:land_m2,673635.5461357727
area_name[神楽坂]:land_m2,1633440.8385927046
area_name[神泉町]:land_m2,2002685.745328658
area_name[神田三崎町]:land_m2,2851718.398003744
area_name[神田佐久間河岸]:land_m2,-0.0
area_name[神田佐久間町]:land_m2,1684983.346490982
area_name[神田北乗物町]:land_m2,1638842.9177892345
area_name[神田司町]:land_m2,1812561.7329976647
area_name[神田和泉町]:land_m2,1996547.043248189
area_name[神田多町]:land_m2,1828101.3255726665
area_name[神田富山町]:land_m2,877848.4053251669
area_name[神田小川町]:land_m2,2211040.9886513366
area_name[神田東松下町]:land_m2,488505.60542440525
area_name[神田淡路町]:land_m2,2331904.381482254
area_name[神田猿楽町]:land_m2,1979043.9314579265
area_name[神田神保町]:land_m2,2507792.5677531953
area_name[神田紺屋町]:land_m2,750069.7753291897
area_name[神田練塀町]:land_m2,4516735.021492175
area_name[神田美土代町]:land_m2,2536477.218467243
area_name[神田錦町]:land_m2,718998.6993627207
area_name[神田鍛冶町]:land_m2,6302152.433893575
area_name[神田須田町]:land_m2,1429872.2523888168
area_name[神田駿河台]:land_m2,5328449.042964251
area_name[神谷]:land_m2,402629.3651335995
area_name[福住]:land_m2,1313533.3492748153
area_name[秋葉原]:land_m2,971953.2447332912
area_name[稲荷台]:land_m2,628132.2308429729
area_name[立川]:land_m2,898467.122896963
area_name[立石]:land_m2,420474.78764251067
area_name[立花]:land_m2,410755.3067814026
area_name[立野町]:land_m2,686244.0413531456
area_name[竜泉]:land_m2,-71913.93079894656
area_name[竹の塚]:land_m2,307264.24234330485
area_name[笹塚]:land_m2,955184.0420765603
area_name[等々力]:land_m2,783690.1042578192
area_name[筑土八幡町]:land_m2,777506.2757399114
area_name[箪笥町]:land_m2,579951.0537466208
area_name[築地]:land_m2,3131238.7032951224
area_name[築地町]:land_m2,101427.55947574592
area_name[篠崎町]:land_m2,483669.2712066948
area_name[粕谷]:land_m2,736568.1738944388
area_name[紀尾井町]:land_m2,6198433.276477324
area_name[納戸町]:land_m2,1357328.9377919214
area_name[細工町]:land_m2,1064131.0659459194
area_name[細田]:land_m2,355451.4050235166
area_name[経堂]:land_m2,716829.1854850285
area_name[給田]:land_m2,374119.90782593726
area_name[綾瀬]:land_m2,423878.9412837512
area_name[緑]:land_m2,834355.9325932033
area_name[緑が丘]:land_m2,1071551.3783982468
area_name[練馬]:land_m2,657790.5862143555
area_name[羽根木]:land_m2,760488.5464215094
area_name[羽沢]:land_m2,440729.06332968024
area_name[羽田]:land_m2,568888.5953708818
area_name[羽田旭町]:land_m2,521430.5452877089
area_name[臨海町]:land_m2,472986.67795732844
area_name[自由が丘]:land_m2,1272380.6892006693
area_name[興宮町]:land_m2,608972.3603812703
area_name[興野]:land_m2,390107.70609442645
area_name[舎人]:land_m2,345905.908635001
area_name[舟渡]:land_m2,512838.54177569185
area_name[舟町]:land_m2,1425574.3253978603
area_name[船堀]:land_m2,599732.6606707298
area_name[船橋]:land_m2,659528.0009920017
area_name[芝]:land_m2,2901705.572715511
area_name[芝公園]:land_m2,2308339.3397083418
area_name[芝大門]:land_m2,2741451.8895726576
area_name[芝浦]:land_m2,2483973.3685169527
area_name[花川戸]:land_m2,556539.1614261745
area_name[花畑]:land_m2,464279.04364168335
area_name[若宮]:land_m2,535539.3424775965
area_name[若宮町]:land_m2,1399333.5122707563
area_name[若木]:land_m2,526669.6532703987
area_name[若松町]:land_m2,1438846.39461956
area_name[若林]:land_m2,536846.4420100156
area_name[若葉]:land_m2,2131688.4594496004
area_name[荏原]:land_m2,999760.4974801627
area_name[荒川]:land_m2,288886.96217984165
area_name[荒木町]:land_m2,1367490.8832146858
area_name[荻窪]:land_m2,799810.4786702023
area_name[菊川]:land_m2,1004599.0613245092
area_name[萩中]:land_m2,625307.1862465924
area_name[蒲田]:land_m2,658121.3095442456
area_name[蒲田本町]:land_m2,706827.4632233847
area_name[蓮根]:land_m2,592972.2316388173
area_name[蓮沼町]:land_m2,437350.46667940926
area_name[蔵前]:land_m2,143051.7352006821
area_name[虎ノ門]:land_m2,3462116.3146293145
area_name[袋町]:land_m2,1553458.4792319222
area_name[西が丘]:land_m2,656576.165682516
area_name[西ケ原]:land_m2,605858.4092473435
area_name[西一之江]:land_m2,440550.1034417833
area_name[西中延]:land_m2,886089.5700349989
area_name[西亀有]:land_m2,488773.2479493786
area_name[西五反田]:land_m2,1177426.4991088142
area_name[西五軒町]:land_m2,1787417.656069121
area_name[西伊興]:land_m2,447585.28265814506
area_name[西保木間]:land_m2,444078.0711862671
area_name[西六郷]:land_m2,600355.9650878716
area_name[西加平]:land_m2,460904.77782228764
area_name[西原]:land_m2,1275293.0837267668
area_name[西台]:land_m2,516052.3877930811
area_name[西品川]:land_m2,848594.6636689829
area_name[西大井]:land_m2,710230.779329785
area_name[西大泉]:land_m2,399853.34360071365
area_name[西小岩]:land_m2,316812.5175621285
area_name[西小松川町]:land_m2,143412.9300546687
area_name[西尾久]:land_m2,368906.5312305111
area_name[西嶺町]:land_m2,472832.4550299364
area_name[西巣鴨]:land_m2,721090.2299645144
area_name[西新井]:land_m2,357403.696568191
area_name[西新井本町]:land_m2,349104.0424653775
area_name[西新井栄町]:land_m2,195489.34673396652
area_name[西新宿]:land_m2,980430.6429828322
area_name[西新小岩]:land_m2,556080.1372147719
area_name[西新橋]:land_m2,3498430.4135295167
area_name[西日暮里]:land_m2,591385.0834370169
area_name[西早稲田]:land_m2,1483274.793435716
area_name[西水元]:land_m2,585539.63858841
area_name[西池袋]:land_m2,710157.3739613385
area_name[西浅草]:land_m2,568866.2450449364
area_name[西片]:land_m2,1054859.9512934417
area_name[西瑞江]:land_m2,350649.6117352589
area_name[西神田]:land_m2,2137090.0722872824
area_name[西竹の塚]:land_m2,432032.64217871
area_name[西篠崎]:land_m2,621365.3164006894
area_name[西糀谷]:land_m2,620547.5923874562
area_name[西綾瀬]:land_m2,413506.03122735635
area_name[西荻北]:land_m2,692772.7352711053
area_name[西荻南]:land_m2,870993.30831822
area_name[西落合]:land_m2,939498.6524275802
area_name[西葛西]:land_m2,466483.3264392894
area_name[西蒲田]:land_m2,764781.4200877444
area_name[西馬込]:land_m2,613207.3015271799
area_name[西麻布]:land_m2,2450722.2056593522
area_name[要町]:land_m2,598010.5940196797
area_name[谷中]:land_m2,613118.8157074491
area_name[谷原]:land_m2,638965.0963417784
area_name[谷在家]:land_m2,284307.9215175929
area_name[谷河内]:land_m2,503913.12804713694
area_name[豊島]:land_m2,480944.60090301454
area_name[豊洲]:land_m2,1241205.6462742381
area_name[豊玉上]:land_m2,666406.2793693851
area_name[豊玉中]:land_m2,647401.895266122
area_name[豊玉北]:land_m2,511156.359810086
area_name[豊玉南]:land_m2,424289.5148691297
area_name[豊町]:land_m2,892855.0391797419
area_name[豪徳寺]:land_m2,648670.8938229686
area_name[貫井]:land_m2,434807.8031127055
area_name[赤坂]:land_m2,2623054.263177589
area_name[赤城下町]:land_m2,937598.6972168143
area_name[赤城元町]:land_m2,1387461.281202284
area_name[赤堤]:land_m2,759844.8570709875
area_name[赤塚]:land_m2,501947.57802293
area_name[赤塚新町]:land_m2,534022.6539394376
area_name[赤羽]:land_m2,1124885.4023776622
area_name[赤羽北]:land_m2,528518.7390082167
area_name[赤羽南]:land_m2,1533407.2216846049
area_name[赤羽台]:land_m2,581436.5630339253
area_name[赤羽西]:land_m2,562413.3749485199
area_name[越中島]:land_m2,573351.6203368602
area_name[足立]:land_m2,174795.32546095925
area_name[辰巳]:land_m2,514073.7096092403
area_name[辰沼]:land_m2,541818.1289469191
area_name[道玄坂]:land_m2,1444605.4775943959
area_name[野崎]:land_m2,419081.09393965406
area_name[野方]:land_m2,667211.8697888714
area_name[野毛]:land_m2,431702.91359434125
area_name[野沢]:land_m2,940215.542177094
area_name[金町]:land_m2,426070.92406986345
area_name[鉢山町]:land_m2,2205192.3673967742
area_name[銀座]:land_m2,8231258.201575024
area_name[錦]:land_m2,565057.4384807944
area_name[錦糸]:land_m2,1059998.9693532693
area_name[鍛冶町]:land_m2,2833248.8760119583
area_name[鎌倉]:land_m2,426348.3193817572
area_name[鎌田]:land_m2,501315.9258507371
area_name[長崎]:land_m2,646742.914486712
area_name[門前仲町]:land_m2,1155628.1742184083
area_name[関原]:land_m2,306088.8017813827
area_name[関口]:land_m2,1151479.6753647216
area_name[関町北]:land_m2,511507.2428327384
area_name[関町南]:land_m2,475684.89108359255
area_name[関町東]:land_m2,477876.7499928496
area_name[阿佐谷北]:land_m2,747841.7135888758
area_name[阿佐谷南]:land_m2,752375.7438421504
area_name[隼町]:land_m2,2894542.935449656
area_name[雑司が谷]:land_m2,678510.0042452503
area_name[雪谷大塚町]:land_m2,756958.9061587896
area_name[雷門]:land_m2,2128958.0963403354
area_name[青井]:land_m2,362545.8280548399
area_name[青戸]:land_m2,299701.4910008401
area_name[青海]:land_m2,299995.20622113085
area_name[青葉台]:land_m2,1751296.611106457
area_name[音羽]:land_m2,1428157.5285027581
area_name[須賀町]:land_m2,935029.6982529332
area_name[飯田橋]:land_m2,1644736.1773175274
area_name[馬場下町]:land_m2,1276244.3793505381
area_name[駒場]:land_m2,1108495.4787605677
area_name[駒形]:land_m2,538784.3460289221
area_name[駒沢]:land_m2,1046688.9940009969
area_name[駒込]:land_m2,792285.5315088165
area_name[高井戸東]:land_m2,715229.4266824352
area_name[高井戸西]:land_m2,713354.2885803577
area_name[高円寺北]:land_m2,805905.6126774517
area_name[高円寺南]:land_m2,825689.8034458411
area_name[高島平]:land_m2,524584.1709047711
area_name[高松]:land_m2,502674.1229980571
area_name[高橋]:land_m2,1164513.525173758
area_name[高田]:land_m2,885330.3543989584
area_name[高田馬場]:land_m2,830220.6734597303
area_name[高砂]:land_m2,425558.36765170074
area_name[高輪]:land_m2,1569921.9474603182
area_name[高野台]:land_m2,576219.2604573556
area_name[鳥越]:land_m2,1067968.9182451265
area_name[鵜の木]:land_m2,561018.2851371476
area_name[鶯谷町]:land_m2,1601788.0441657132
area_name[鷹番]:land_m2,1492308.3190895552
area_name[鷺宮]:land_m2,592260.8696721523
area_name[鹿浜]:land_m2,435884.789391933
area_name[鹿骨]:land_m2,520026.71188579645
area_name[鹿骨町]:land_m2,561256.5794011025
area_name[麹町]:land_m2,2691927.156137158
area_name[麻布十番]:land_m2,3716753.6569158435
area_name[麻布台]:land_m2,1982442.6290469547
area_name[麻布永坂町]:land_m2,1825584.9314629072
area_name[麻布狸穴町]:land_m2,1571679.6242804013
nearest_station_minutes:land_m2,-12312.174600774326
road:land_m2,5026.221702832569
"C(floor_ratio, contr.treatment('150.0'))[T.100.0]:land_m2",259.3016034809612
"C(floor_ratio, contr.treatment('150.0'))[T.1000.0]:land_m2",10011459.598141741
"C(floor_ratio, contr.treatment('150.0'))[T.1200.0]:land_m2",-615290.431310368
"C(floor_ratio, contr.treatment('150.0'))[T.200.0]:land_m2",-5610.073492365329
"C(floor_ratio, contr.treatment('150.0'))[T.300.0]:land_m2",50139.320939094985
"C(floor_ratio, contr.treatment('150.0'))[T.400.0]:land_m2",326614.0496215796
"C(floor_ratio, contr.treatment('150.0'))[T.50.0]:land_m2",19529.850207740357
"C(floor_ratio, contr.treatment('150.0'))[T.500.0]:land_m2",707329.8240394825
"C(floor_ratio, contr.treatment('150.0'))[T.60.0]:land_m2",71940.56307850499
"C(floor_ratio, contr.treatment('150.0'))[T.600.0]:land_m2",1269774.7921066715
"C(floor_ratio, contr.treatment('150.0'))[T.700.0]:land_m2",2699991.7583770067
"C(floor_ratio, contr.treatment('150.0'))[T.80.0]:land_m2",-41554.6934161069
"C(floor_ratio, contr.treatment('150.0'))[T.800.0]:land_m2",3087339.080531686
"C(floor_ratio, contr.treatment('150.0'))[T.900.0]:land_m2",6472536.480970999
"C(building_ratio, contr.treatment('60.0'))[T.30.0]:land_m2",113526.66507656703
"C(building_ratio, contr.treatment('60.0'))[T.40.0]:land_m2",-41358.59471249468
"C(building_ratio, contr.treatment('60.0'))[T.50.0]:land_m2",-67299.42440414005
"C(building_ratio, contr.treatment('60.0'))[T.80.0]:land_m2",126713.42485794636
"C(orientation, contr.treatment('接面道路無'))[T.北]:land_m2",-81943.32880455455
"C(orientation, contr.treatment('接面道路無'))[T.北東]:land_m2",-77175.76387088039
"C(orientation, contr.treatment('接面道路無'))[T.北西]:land_m2",-63229.38258823422
"C(orientation, contr.treatment('接面道路無'))[T.南]:land_m2",-90940.79799248815
"C(orientation, contr.treatment('接面道路無'))[T.南東]:land_m2",-112808.35912395731
"C(orientation, contr.treatment('接面道路無'))[T.南西]:land_m2",-54055.76424641625
"C(orientation, contr.treatment('接面道路無'))[T.東]:land_m2",-91449.17963542706
"C(orientation, contr.treatment('接面道路無'))[T.西]:land_m2",-85862.03080435416
"C(land_shape, contr.treatment('正方形'))[T.ほぼ台形]:land_m2",21680.089154702193
"C(land_shape, contr.treatment('正方形'))[T.ほぼ整形]:land_m2",-13338.045697233263
"C(land_shape, contr.treatment('正方形'))[T.ほぼ正方形]:land_m2",16358.670558441152
"C(land_shape, contr.treatment('正方形'))[T.ほぼ長方形]:land_m2",9213.719513252632
"C(land_shape, contr.treatment('正方形'))[T.不整形]:land_m2",-70902.42508320646
"C(land_shape, contr.treatment('正方形'))[T.台形]:land_m2",-60998.96607256423
"C(land_shape, contr.treatment('正方形'))[T.袋地等]:land_m2",-48473.29682631193
"C(land_shape, contr.treatment('正方形'))[T.長方形]:land_m2",-1327.1743931646392
"C(building_type, contr.treatment('NA'))[NA]:age:house_m2",0.0
"C(building_type, contr.treatment('NA'))[ブロック造]:age:house_m2",-7204.575569157987
"C(building_type, contr.treatment('NA'))[木造]:age:house_m2",-9587.972288606965
"C(building_type, contr.treatment('NA'))[木造、ブロック造]:age:house_m2",-8931.307874879245
"C(building_type, contr.treatment('NA'))[木造、軽量鉄骨造]:age:house_m2",-7185.472206510666
"C(building_type, contr.treatment('NA'))[軽量鉄骨造]:age:house_m2",-8785.049469660185
"C(building_type, contr.treatment('NA'))[鉄骨造]:age:house_m2",-12195.78190741953
"C(building_type, contr.treatment('NA'))[鉄骨造、ブロック造]:age:house_m2",-15947.28491783667
"C(building_type, contr.treatment('NA'))[鉄骨造、木造]:age:house_m2",-4637.71252415778
"C(building_type, contr.treatment('NA'))[鉄骨造、軽量鉄骨造]:age:house_m2",-6882.750575450552
"C(building_type, contr.treatment('NA'))[ＲＣ]:age:house_m2",-13106.261649486923
"C(building_type, contr.treatment('NA'))[ＲＣ、ブロック造]:age:house_m2",-4059.262172303291
"C(building_type, contr.treatment('NA'))[ＲＣ、木造]:age:house_m2",-12609.477498212405
"C(building_type, contr.treatment('NA'))[ＲＣ、木造、ブロック造]:age:house_m2",-10880.480992606848
"C(building_type, contr.treatment('NA'))[ＲＣ、軽量鉄骨造]:age:house_m2",-8385.77012737677
"C(building_type, contr.treatment('NA'))[ＲＣ、鉄骨造]:age:house_m2",-11975.560497653005
"C(building_type, contr.treatment('NA'))[ＲＣ、鉄骨造、木造]:age:house_m2",-9926.802708787161
"C(building_type, contr.treatment('NA'))[ＳＲＣ]:age:house_m2",-10531.893733304036
"C(building_type, contr.treatment('NA'))[ＳＲＣ、木造]:age:house_m2",-9325.677428590996
"C(building_type, contr.treatment('NA'))[ＳＲＣ、鉄骨造]:age:house_m2",-9073.278700407343
"C(building_type, contr.treatment('NA'))[ＳＲＣ、ＲＣ]:age:house_m2",-9188.138056055604
